{"chunk_definitions":[{"row":18,"row_count":1,"visible":true,"expansion_state":0,"options":{"include":false,"engine":"r","label":"setup"},"document_id":"4FC9CF5F","chunk_id":"csetup_chunk","chunk_label":"setup"},{"row":93,"row_count":1,"visible":true,"expansion_state":0,"options":{"engine":"r","eval":true,"echo":true,"message":false,"warning":false,"label":"unnamed-chunk-1"},"document_id":"4FC9CF5F","chunk_id":"cvn3gr1so2na8","chunk_label":"unnamed-chunk-2"},{"row":109,"row_count":1,"visible":true,"expansion_state":0,"options":{"engine":"r","eval":true,"echo":true,"label":"unnamed-chunk-2"},"document_id":"4FC9CF5F","chunk_id":"cf2v511iziiu0","chunk_label":"unnamed-chunk-3"},{"row":132,"row_count":1,"visible":true,"expansion_state":0,"options":{"engine":"r","eval":true,"echo":true,"label":"unnamed-chunk-3"},"document_id":"4FC9CF5F","chunk_id":"c7zre4seldvml","chunk_label":"unnamed-chunk-4"}],"doc_write_time":1673566927,"working_dir":null,"default_chunk_options":{}}