"0","## Simulate data for PGx GWAS mtPRS analysis"
"0",""
"0","dat <- generate_pgx_data(structure = ""clustered"","
"0","                         sparseness = ""more"","
"0","                         rho_DT = c(0.5,0.5,0.5,0.5),"
"0","                         rho_T = 0.5,"
"0","                         rho_E = 0.3,"
"0","                         rho_C = 0.1,"
"0","                         K=4,"
"0","                         m=1000,"
"0","                         pcausal=0.1,"
"0","                         blocksize=100,"
"0","                         gamma = 1,"
"0","                         samplesize=700,"
"0","                         h2_base=0.3,"
"0","                         h2_target=0.3)"
"1","[1]"
"1"," ""Step 1. Prepare correlation matrix"""
"1","
"
"1","[1]"
"1"," ""Step 2. Simulate true effect size"""
"1","
"
"1","[1]"
"1"," ""Step 3. Simulate base cohort"""
"1","
"
"2"," [1%] Downloaded 1378 bytes..."
"2"," [2%] Downloaded 2756 bytes..."
"2"," [3%] Downloaded 4134 bytes..."
"2"," [4%] Downloaded 5512 bytes..."
"2"," [5%] Downloaded 6890 bytes..."
"2"," [6%] Downloaded 8268 bytes..."
"2"," [8%] Downloaded 9646 bytes..."
"2"," [9%] Downloaded 11024 bytes..."
"2"," [10%] Downloaded 12402 bytes..."
"2"," [11%] Downloaded 13780 bytes..."
"2"," [12%] Downloaded 15158 bytes..."
"2"," [12%] Downloaded 15504 bytes..."
"2"," [26%] Downloaded 31888 bytes..."
"2"," [40%] Downloaded 48272 bytes..."
"2"," [53%] Downloaded 64656 bytes..."
"2"," [67%] Downloaded 81040 bytes..."
"2"," [81%] Downloaded 97424 bytes..."
"2"," [94%] Downloaded 113808 bytes..."
"2"," [100%] Downloaded 119954 bytes..."
"2","
"
"1","[1]"
"1"," ""Step 4. Simulate target cohort"""
"1","
"
"2"," [0%] Downloaded 15503 bytes..."
"2"," [1%] Downloaded 31887 bytes..."
"2"," [2%] Downloaded 48271 bytes..."
"2"," [2%] Downloaded 64655 bytes..."
"2"," [3%] Downloaded 81039 bytes..."
"2"," [4%] Downloaded 97423 bytes..."
"2"," [4%] Downloaded 113807 bytes..."
"2"," [5%] Downloaded 130191 bytes..."
"2"," [6%] Downloaded 146575 bytes..."
"2"," [6%] Downloaded 162959 bytes..."
"2"," [7%] Downloaded 179343 bytes..."
"2"," [8%] Downloaded 195727 bytes..."
"2"," [8%] Downloaded 212111 bytes..."
"2"," [9%] Downloaded 228495 bytes..."
"2"," [10%] Downloaded 244879 bytes..."
"2"," [11%] Downloaded 261263 bytes..."
"2"," [11%] Downloaded 277647 bytes..."
"2"," [12%] Downloaded 294031 bytes..."
"2"," [13%] Downloaded 310415 bytes..."
"2"," [13%] Downloaded 326799 bytes..."
"2"," [14%] Downloaded 343183 bytes..."
"2"," [15%] Downloaded 359567 bytes..."
"2"," [15%] Downloaded 375951 bytes..."
"2"," [16%] Downloaded 392335 bytes..."
"2"," [17%] Downloaded 408719 bytes..."
"2"," [17%] Downloaded 425103 bytes..."
"2"," [18%] Downloaded 441487 bytes..."
"2"," [19%] Downloaded 457871 bytes..."
"2"," [20%] Downloaded 474255 bytes..."
"2"," [20%] Downloaded 490639 bytes..."
"2"," [21%] Downloaded 507023 bytes..."
"2"," [22%] Downloaded 523407 bytes..."
"2"," [22%] Downloaded 539791 bytes..."
"2"," [23%] Downloaded 556175 bytes..."
"2"," [24%] Downloaded 572559 bytes..."
"2"," [24%] Downloaded 588943 bytes..."
"2"," [25%] Downloaded 605327 bytes..."
"2"," [26%] Downloaded 621711 bytes..."
"2"," [26%] Downloaded 638095 bytes..."
"2"," [27%] Downloaded 654479 bytes..."
"2"," [27%] Downloaded 657792 bytes..."
"2"," [28%] Downloaded 674176 bytes..."
"2"," [29%] Downloaded 690560 bytes..."
"2"," [29%] Downloaded 706944 bytes..."
"2"," [30%] Downloaded 723328 bytes..."
"2"," [31%] Downloaded 739712 bytes..."
"2"," [31%] Downloaded 756096 bytes..."
"2"," [32%] Downloaded 772480 bytes..."
"2"," [33%] Downloaded 788864 bytes..."
"2"," [34%] Downloaded 805248 bytes..."
"2"," [34%] Downloaded 821632 bytes..."
"2"," [35%] Downloaded 838016 bytes..."
"2"," [36%] Downloaded 854400 bytes..."
"2"," [36%] Downloaded 870784 bytes..."
"2"," [37%] Downloaded 887168 bytes..."
"2"," [38%] Downloaded 903552 bytes..."
"2"," [38%] Downloaded 919936 bytes..."
"2"," [39%] Downloaded 936320 bytes..."
"2"," [40%] Downloaded 952704 bytes..."
"2"," [40%] Downloaded 969088 bytes..."
"2"," [41%] Downloaded 985472 bytes..."
"2"," [42%] Downloaded 1001856 bytes..."
"2"," [43%] Downloaded 1018240 bytes..."
"2"," [43%] Downloaded 1034624 bytes..."
"2"," [44%] Downloaded 1051008 bytes..."
"2"," [45%] Downloaded 1067392 bytes..."
"2"," [45%] Downloaded 1083776 bytes..."
"2"," [46%] Downloaded 1100160 bytes..."
"2"," [47%] Downloaded 1116544 bytes..."
"2"," [47%] Downloaded 1132928 bytes..."
"2"," [48%] Downloaded 1149312 bytes..."
"2"," [49%] Downloaded 1165696 bytes..."
"2"," [49%] Downloaded 1182080 bytes..."
"2"," [50%] Downloaded 1198464 bytes..."
"2"," [51%] Downloaded 1214848 bytes..."
"2"," [52%] Downloaded 1231232 bytes..."
"2"," [52%] Downloaded 1242496 bytes..."
"2"," [53%] Downloaded 1258880 bytes..."
"2"," [53%] Downloaded 1275264 bytes..."
"2"," [54%] Downloaded 1291648 bytes..."
"2"," [55%] Downloaded 1308032 bytes..."
"2"," [55%] Downloaded 1324416 bytes..."
"2"," [56%] Downloaded 1340800 bytes..."
"2"," [57%] Downloaded 1357184 bytes..."
"2"," [58%] Downloaded 1373568 bytes..."
"2"," [58%] Downloaded 1389952 bytes..."
"2"," [59%] Downloaded 1406336 bytes..."
"2"," [60%] Downloaded 1422720 bytes..."
"2"," [60%] Downloaded 1439104 bytes..."
"2"," [61%] Downloaded 1455488 bytes..."
"2"," [62%] Downloaded 1471872 bytes..."
"2"," [62%] Downloaded 1488256 bytes..."
"2"," [63%] Downloaded 1498304 bytes..."
"2"," [63%] Downloaded 1514688 bytes..."
"2"," [64%] Downloaded 1531072 bytes..."
"2"," [65%] Downloaded 1547456 bytes..."
"2"," [66%] Downloaded 1563840 bytes..."
"2"," [66%] Downloaded 1580224 bytes..."
"2"," [67%] Downloaded 1596608 bytes..."
"2"," [68%] Downloaded 1612992 bytes..."
"2"," [68%] Downloaded 1629376 bytes..."
"2"," [69%] Downloaded 1645760 bytes..."
"2"," [70%] Downloaded 1662144 bytes..."
"2"," [70%] Downloaded 1678528 bytes..."
"2"," [71%] Downloaded 1694912 bytes..."
"2"," [72%] Downloaded 1711296 bytes..."
"2"," [72%] Downloaded 1727680 bytes..."
"2"," [73%] Downloaded 1744064 bytes..."
"2"," [74%] Downloaded 1760448 bytes..."
"2"," [75%] Downloaded 1776832 bytes..."
"2"," [75%] Downloaded 1793216 bytes..."
"2"," [76%] Downloaded 1809600 bytes..."
"2"," [77%] Downloaded 1825984 bytes..."
"2"," [77%] Downloaded 1842368 bytes..."
"2"," [78%] Downloaded 1858752 bytes..."
"2"," [79%] Downloaded 1875136 bytes..."
"2"," [79%] Downloaded 1891520 bytes..."
"2"," [80%] Downloaded 1907904 bytes..."
"2"," [81%] Downloaded 1924288 bytes..."
"2"," [81%] Downloaded 1940672 bytes..."
"2"," [82%] Downloaded 1957056 bytes..."
"2"," [83%] Downloaded 1973440 bytes..."
"2"," [84%] Downloaded 1989824 bytes..."
"2"," [84%] Downloaded 2006208 bytes..."
"2"," [85%] Downloaded 2022592 bytes..."
"2"," [86%] Downloaded 2038976 bytes..."
"2"," [86%] Downloaded 2055360 bytes..."
"2"," [87%] Downloaded 2071744 bytes..."
"2"," [88%] Downloaded 2083008 bytes..."
"2"," [88%] Downloaded 2099392 bytes..."
"2"," [89%] Downloaded 2115776 bytes..."
"2"," [90%] Downloaded 2132160 bytes..."
"2"," [90%] Downloaded 2148544 bytes..."
"2"," [91%] Downloaded 2164928 bytes..."
"2"," [92%] Downloaded 2181312 bytes..."
"2"," [92%] Downloaded 2197696 bytes..."
"2"," [93%] Downloaded 2214080 bytes..."
"2"," [94%] Downloaded 2230464 bytes..."
"2"," [94%] Downloaded 2246848 bytes..."
"2"," [95%] Downloaded 2263232 bytes..."
"2"," [96%] Downloaded 2279616 bytes..."
"2"," [97%] Downloaded 2296000 bytes..."
"2"," [97%] Downloaded 2312384 bytes..."
"2"," [98%] Downloaded 2328768 bytes..."
"2"," [99%] Downloaded 2345152 bytes..."
"2"," [99%] Downloaded 2361536 bytes..."
"2"," [100%] Downloaded 2366773 bytes..."
"2","
"
"1","[1]"
"1"," ""Step 5. Output results"""
"1","
"
